<?xml version='1.0' encoding='UTF-8'?>
<!DOCTYPE hibernate-configuration PUBLIC
          "-//Hibernate/Hibernate Configuration DTD 3.0//EN"
          "http://hibernate.sourceforge.net/hibernate-configuration-3.0.dtd">

<!-- Generated by MyEclipse Hibernate Tools.                   -->
<hibernate-configuration>

   <session-factory>

		<property name="connection.username">root</property>
		<property name="connection.password">root</property>
		<property name="connection.url">
			jdbc:mysql://172.21.78.121:3306/utconf?useUnicode=true&amp;characterEncoding=UTF-8&amp;mysqlEncoding=utf8
		</property>
		<property name="dialect">
			org.hibernate.dialect.MySQLDialect
		</property>
		<property name="connection.driver_class">
			com.mysql.jdbc.Driver
		</property>
		<property name="hibernate.show_sql">
			true
		</property>
		<property name="hibernate.cache.use_second_level_cache">false</property>  
		<property name="hibernate.current_session_context_class">thread</property>
		<property name="hibernate.jdbc.batch_size">20</property>
		<property name="default_catalog">utconf</property>
		
		<property name="connection.provider_class">org.hibernate.connection.C3P0ConnectionProvider</property>
		<property name="connection.autoReconnect">true</property>  
        <property name="connection.autoReconnectForPools">true</property>  
        <property name="connection.is-connection-validation-required">true</property>  
		<!-- 最大连接数 -->
		<property name="hibernate.c3p0.max_size">20</property>
		<!-- 最小连接数 -->
		<property name="hibernate.c3p0.min_size">5</property>
		<!-- 获得连接的超时时间,如果超过这个时间,会抛出异常，单位毫秒 -->
		<property name="hibernate.c3p0.timeout">120</property>
		<!-- 最大的PreparedStatement的数量 -->
		<property name="hibernate.c3p0.max_statements">100</property>
		<!-- 每隔120秒检查连接池里的空闲连接 ，单位是秒-->
		<property name="hibernate.c3p0.idle_test_period">120</property>
		<!-- 当连接池里面的连接用完的时候，C3P0一下获取的新的连接数 -->
		<property name="hibernate.c3p0.acquire_increment">2</property>
		<!-- 每次都验证连接是否可用 -->
		<property name="hibernate.c3p0.validate">true</property>

		<mapping resource="com/utstar/mtassis/dbbean/Deviceparameter.hbm.xml" />
		<mapping resource="com/utstar/mtassis/dbbean/Userrole.hbm.xml" />
		<mapping resource="com/utstar/mtassis/dbbean/Userinfo.hbm.xml" />
		<mapping resource="com/utstar/mtassis/dbbean/Userpara.hbm.xml" />
		<mapping resource="com/utstar/mtassis/dbbean/Meetingdevice.hbm.xml" />
		<mapping resource="com/utstar/mtassis/dbbean/Meetingroom.hbm.xml" />
		<mapping resource="com/utstar/mtassis/dbbean/Rtmeeting.hbm.xml" />
		<mapping resource="com/utstar/mtassis/dbbean/Deviceuseinfo.hbm.xml" />
		<mapping resource="com/utstar/mtassis/dbbean/Historymeeting.hbm.xml" />
		<mapping resource="com/utstar/mtassis/dbbean/Router.hbm.xml" />
		<mapping resource="com/utstar/mtassis/dbbean/Role.hbm.xml" />
		<mapping resource="com/utstar/mtassis/dbbean/Periodicmeeting.hbm.xml" />
		<mapping resource="com/utstar/mtassis/dbbean/Roleauthority.hbm.xml" />
		<mapping resource="com/utstar/mtassis/dbbean/Tenatpara.hbm.xml" />
		<mapping resource="com/utstar/mtassis/dbbean/Tenatinfo.hbm.xml" />
		<mapping resource="com/utstar/mtassis/dbbean/Routeruseinfo.hbm.xml" />
		
		<mapping resource="com/utstar/mtassis/dbbean/Useroperationdetail.hbm.xml" />
		<mapping resource="com/utstar/mtassis/dbbean/Useroperationlog.hbm.xml" />
		<mapping resource="com/utstar/mtassis/dbbean/Emaillist.hbm.xml" />
		
		<mapping resource="com/utstar/mtassis/dbbean/Meetinguserrel.hbm.xml" />
	</session-factory>

</hibernate-configuration>